Fecha,Evento,Distrito,Magnitud,Trascendencia,Vulnerabilidad,Indice_GREP,Nivel_Alerta,Codigo_Interno,Semana
2026-10-04,DENGUE,San Rafael,4,4,4,4.0,🟠 NARANJA - Alto,CASO DENGUE 001 SE40DS,40
2026-10-04,EDA,San Rafael,3,3,3,3.0,🟡 AMARILLO - Moderado,CASO EDA 001 SE40DS,40
2026-10-04,EDA,San Rafael,3,3,3,3.0,🟡 AMARILLO - Moderado,CASO EDA 002 SE40DS,40
2026-10-04,EDA,San Rafael,3,3,3,3.0,🟡 AMARILLO - Moderado,CASO EDA 003 SE40DS,40
2026-10-04,IRAS,San Rafael,3,3,2,2.7,🟡 AMARILLO - Moderado,CASO IRAS 001 SE40DS,40
2026-10-04,IRAS,San Rafael,3,3,3,3.0,🟡 AMARILLO - Moderado,CASO IRAS 002 SE40DS,40
2026-10-04,EDA,Buena Vista,3,3,3,3.0,🟡 AMARILLO - Moderado,CASO EDA 001 SE40DBV,40
2026-10-04,DENGUE,Buena Vista,3,3,3,3.0,🟡 AMARILLO - Moderado,CASO DENGUE 001 SE40DBV,40
2026-10-04,IRAS,Buena Vista,3,3,3,3.0,🟡 AMARILLO - Moderado,CASO IRAS 001 SE40DBV,40
2026-10-04,DENGUE,San Rafael,4,4,4,4.0,🟠 NARANJA - Alto,CASO DENGUE 002 SE40DS,40
